City_ID,City,Lat,Lng,Max Temp,Humidity,Cloudiness,Wind Speed,Country,Date
0,hasaki,35.7333,140.8333,4.22,59,63,3.08,JP,1681071951
1,ola,59.5833,151.2833,-14.11,83,100,3.24,RU,1681072151
2,hobart,-42.8794,147.3294,10.92,71,40,7.72,AU,1681072055
3,lagos,6.5833,3.75,28.18,79,100,2.05,NG,1681072147
4,hermanus,-34.4187,19.2345,16.0,72,0,7.49,ZA,1681072152
5,maceio,-9.6658,-35.7353,28.69,78,40,4.63,BR,1681072153
6,saint george,37.1041,-113.5841,25.8,20,0,1.54,US,1681072153
7,albany,42.6001,-73.9662,13.71,20,1,0.89,US,1681071861
8,arraial do cabo,-22.9661,-42.0278,24.92,78,100,4.12,BR,1681072154
9,mataura,-46.1927,168.8643,11.38,94,98,1.93,NZ,1681072154
10,chicama,-7.8447,-79.1469,29.3,60,100,5.48,PE,1681072155
11,jamestown,42.097,-79.2353,14.73,32,0,1.79,US,1681072155
12,chokurdakh,70.6333,147.9167,-25.57,93,59,3.95,RU,1681072156
13,sao jose da coroa grande,-8.8978,-35.1478,27.01,77,94,3.88,BR,1681072156
14,nemuro,43.3236,145.575,1.56,73,0,4.97,JP,1681072157
15,punta arenas,-53.15,-70.9167,6.06,56,20,10.29,CL,1681072158
16,mahibadhoo,3.7833,72.9667,28.69,72,5,4.89,MV,1681072159
17,petropavlovsk-kamchatskiy,53.0452,158.6483,0.33,100,100,3.0,RU,1681072159
18,bollnas,61.3482,16.3946,0.79,85,96,1.79,SE,1681072160
19,rikitea,-23.1203,-134.9692,24.67,62,1,3.5,PF,1681072160
20,new norfolk,-42.7826,147.0587,10.72,66,100,2.24,AU,1681072161
21,tuktoyaktuk,69.4541,-133.0374,-14.0,78,75,8.75,CA,1681072161
22,qaanaaq,77.484,-69.3632,-20.93,73,0,2.28,GL,1681072162
23,port alfred,-33.5906,26.891,18.04,81,95,8.24,ZA,1681072162
24,isangel,-19.55,169.2667,27.16,80,3,1.05,VU,1681072162
25,beloha,-25.1667,45.05,23.22,88,0,4.92,MG,1681072163
26,ushuaia,-54.8,-68.3,0.81,93,100,6.69,AR,1681072163
27,zhangjiakou,40.81,114.8794,10.22,33,15,0.82,CN,1681072164
28,kodiak,57.79,-152.4072,-5.27,46,0,12.35,US,1681072164
29,wesselsbron,-27.8549,26.3658,14.26,83,100,3.07,ZA,1681072165
30,barrow,71.2906,-156.7887,-21.99,77,100,6.69,US,1681072165
31,tigil,57.8,158.6667,-2.75,94,100,6.24,RU,1681072166
32,avarua,-21.2078,-159.775,28.03,74,19,3.09,CK,1681072166
33,norman wells,65.282,-126.8329,0.02,69,20,7.72,CA,1681072166
34,necochea,-38.5473,-58.7368,27.13,41,23,5.84,AR,1681072122
35,khandagayty,50.7333,92.05,-9.85,63,1,3.83,RU,1681072167
36,geraldton,-28.7667,114.6,12.23,94,1,3.6,AU,1681072167
37,faanui,-16.4833,-151.75,27.45,76,100,7.49,PF,1681072168
38,mattru,7.6244,-11.8332,25.9,79,85,1.52,SL,1681072168
39,puerto ayora,-0.7393,-90.3518,31.98,83,92,2.24,EC,1681072169
40,kunya,12.2233,8.5325,30.09,17,0,5.14,NG,1681072169
41,dikson,73.5069,80.5464,-25.21,88,100,4.07,RU,1681072170
42,vaini,-21.2,-175.2,28.09,78,20,1.54,TO,1681072170
43,rantauprapat,2.1,99.8333,22.14,97,95,0.49,ID,1681072170
44,cockburn town,21.4612,-71.1419,26.98,69,40,5.14,TC,1681072172
45,moro,26.6646,68.0016,30.67,14,100,1.47,PK,1681072172
46,kahului,20.8947,-156.47,27.2,74,40,8.23,US,1681072173
47,romny,50.751,33.4747,9.5,79,99,1.29,UA,1681072173
48,yellowknife,62.456,-114.3525,3.29,65,20,2.06,CA,1681072173
49,east london,-33.0153,27.9116,18.0,83,100,8.37,ZA,1681072174
50,nioro,13.35,-15.75,30.3,26,22,3.92,GM,1681072174
51,excelsior springs,39.3392,-94.2261,22.87,24,0,2.06,US,1681072103
52,chuy,-33.6971,-53.4616,22.54,61,15,4.66,UY,1681072175
53,demba,-5.51,22.2667,21.87,88,91,1.21,CD,1681072175
54,pilar,-9.5972,-35.9567,27.96,77,100,3.61,BR,1681071931
55,atuona,-9.8,-139.0333,26.81,76,17,5.13,PF,1681072176
56,te anau,-45.4167,167.7167,9.89,81,98,0.38,NZ,1681072176
57,matveyev kurgan,47.5645,38.8695,8.7,87,91,2.25,RU,1681072177
58,port elizabeth,-33.918,25.5701,16.16,77,0,7.2,ZA,1681071883
59,colonia,50.9333,6.95,11.74,54,0,2.06,DE,1681072177
60,bethel,41.3712,-73.414,14.77,27,0,1.54,US,1681072167
61,charlestown,-32.95,151.6667,12.12,71,0,1.34,AU,1681071923
62,bluff,-46.6,168.3333,11.56,89,100,3.57,NZ,1681072178
63,sirnak,37.5228,42.4594,10.04,73,100,4.04,TR,1681072179
64,victoria,22.2855,114.1577,21.03,81,100,0.45,HK,1681071903
65,victor harbor,-35.5667,138.6167,11.49,76,87,2.24,AU,1681072179
66,oparino,59.8518,48.2783,-0.92,97,40,2.34,RU,1681072180
67,ostrovnoy,68.0531,39.5131,-0.16,95,100,5.04,RU,1681072181
68,alice springs,-23.7,133.8833,15.75,55,40,2.06,AU,1681072182
69,koulikoro,14.0,-7.75,30.82,33,100,4.35,ML,1681072182
70,celestun,20.8667,-90.4,28.09,60,0,5.86,MX,1681072182
71,baykit,61.67,96.37,-24.55,100,79,1.24,RU,1681072183
72,thompson,55.7435,-97.8558,10.09,46,75,4.63,CA,1681071993
73,mahanoro,-19.9,48.8,23.56,88,94,1.85,MG,1681072184
74,cape town,-33.9258,18.4232,17.43,75,75,4.12,ZA,1681072184
75,blenheim,-41.516,173.9528,13.62,94,100,2.32,NZ,1681072185
76,hithadhoo,-0.6,73.0833,27.52,71,4,0.53,MV,1681072185
77,sao filipe,14.8961,-24.4956,22.23,71,1,6.15,CV,1681072186
78,biala podlaska,52.0324,23.1165,9.32,68,89,1.47,PL,1681072186
79,bredasdorp,-34.5322,20.0403,15.18,64,0,6.97,ZA,1681072187
80,souillac,-20.5167,57.5167,24.21,94,75,2.06,MU,1681072187
81,itapora,-22.0799,-54.7874,26.27,72,84,1.83,BR,1681072187
82,havre,49.5833,0.3333,14.87,51,0,3.09,FR,1681072188
83,georgetown,5.4112,100.3354,26.96,89,20,0.0,MY,1681072148
84,rethimnon,35.3647,24.4714,14.0,76,3,1.56,GR,1681072188
85,rio grande,-32.035,-52.0986,25.06,74,14,4.67,BR,1681072188
86,yeppoon,-23.1333,150.7333,13.88,52,0,2.37,AU,1681072189
87,nekhayevskiy,50.4106,41.7561,7.55,61,29,2.01,RU,1681072189
88,komsomolskiy,40.4272,71.7189,14.4,41,100,2.06,UZ,1681072189
89,busselton,-33.65,115.3333,15.12,86,100,2.62,AU,1681072189
90,cidreira,-30.1811,-50.2056,22.91,80,83,6.81,BR,1681072190
91,kapaa,22.0752,-159.319,25.61,71,75,8.23,US,1681072190
92,beringovskiy,63.05,179.3167,-18.93,98,97,2.83,RU,1681072190
93,khani,41.9563,42.9566,7.76,60,78,2.79,GE,1681072191
94,kaitangata,-46.2817,169.8464,13.62,95,80,5.37,NZ,1681072191
95,talnakh,69.4865,88.3972,-28.52,96,47,1.57,RU,1681072191
96,jaguarao,-32.5661,-53.3758,23.26,61,89,5.54,BR,1681072192
97,upernavik,72.7868,-56.1549,-16.1,92,97,5.92,GL,1681072192
98,castro,-24.7911,-50.0119,19.57,85,64,2.21,BR,1681071900
99,kropotkin,45.4375,40.5756,10.22,80,39,2.8,RU,1681072192
100,padang,-0.9492,100.3543,24.72,87,37,1.61,ID,1681071919
101,broken hill,-31.95,141.4333,10.13,70,0,3.6,AU,1681072193
102,hofn,64.2539,-15.2082,6.81,93,100,11.48,IS,1681072193
103,ucluelet,48.9329,-125.5528,8.38,93,100,0.89,CA,1681071914
104,kathmandu,27.7167,85.3167,16.58,51,20,1.54,NP,1681071776
105,cabo san lucas,22.8909,-109.9124,31.45,45,0,2.06,MX,1681072194
106,karancslapujto,48.15,19.7333,4.78,82,60,0.68,HU,1681072194
107,kununurra,-15.7667,128.7333,25.99,83,100,2.06,AU,1681072194
108,teguldet,57.3064,88.1667,-9.4,88,100,2.38,RU,1681072194
109,san policarpo,12.1791,125.5072,26.41,80,100,6.28,PH,1681072195
110,dumas,35.8656,-101.9732,24.08,17,0,7.2,US,1681071677
111,caravelas,-17.7125,-39.2481,25.09,89,67,1.7,BR,1681072195
112,fort nelson,58.8053,-122.7002,9.77,29,100,4.63,CA,1681072195
113,cusuna,15.85,-85.2333,28.09,58,28,4.41,HN,1681072196
114,kaputa,-8.4689,29.6619,20.77,88,98,1.3,ZM,1681072196
115,velyka mykhaylivka,47.0794,29.8514,8.57,81,20,1.32,UA,1681072197
116,yulara,-25.2406,130.9889,21.38,32,79,3.97,AU,1681072198
117,hirara,24.8,125.2833,17.15,72,40,1.54,JP,1681072198
118,codrington,-38.2667,141.9667,12.59,75,100,6.01,AU,1681072198
119,sorland,67.667,12.6934,3.92,79,9,4.08,NO,1681072198
120,alice,27.7523,-98.0697,24.75,66,100,3.09,US,1681072199
121,longyearbyen,78.2186,15.6401,0.91,86,100,7.72,SJ,1681072199
122,jati,24.3539,68.2671,24.39,59,13,5.15,PK,1681072199
123,qobustan,40.0824,49.412,11.66,76,92,2.18,AZ,1681072200
124,sparks,39.5349,-119.7527,21.97,32,20,4.12,US,1681072189
125,zapolyarnyy,69.4154,30.8136,1.56,89,90,3.15,RU,1681072201
126,salalah,17.0151,54.0924,28.05,74,20,2.06,OM,1681072205
127,hamilton,39.1834,-84.5333,19.02,31,0,5.66,US,1681071949
128,willmar,45.1219,-95.0433,11.01,58,0,1.54,US,1681072212
129,wamba,8.9333,8.6,28.55,53,99,0.34,NG,1681072215
130,bengkulu,-3.8004,102.2655,23.21,90,99,1.75,ID,1681072216
131,zhongshu,24.5167,103.7667,13.19,58,0,1.44,CN,1681072217
132,aklavik,68.2191,-135.0107,-12.79,85,80,3.51,CA,1681072219
133,khatanga,71.9667,102.5,-20.69,99,100,2.85,RU,1681072219
134,lodja,-3.4833,23.4333,20.8,89,53,0.78,CD,1681072220
135,ponta do sol,32.6667,-17.1,19.45,76,5,5.03,PT,1681072221
136,lebu,-37.6167,-73.65,15.29,72,69,2.98,CL,1681072221
137,carballo,43.213,-8.691,13.81,87,100,1.39,ES,1681072199
138,acapulco,16.8634,-99.8901,31.9,55,0,5.66,MX,1681072032
139,ilulissat,69.2167,-51.1,-2.99,86,100,0.0,GL,1681072226
140,anloga,5.7947,0.8973,27.81,80,100,4.91,GH,1681072231
141,nikolskoye,59.7035,30.7861,5.94,97,95,1.92,RU,1681072231
142,luderitz,-26.6481,15.1594,14.6,65,1,12.76,NA,1681072232
143,clyde river,70.4692,-68.5914,-17.87,65,0,1.03,CA,1681072232
144,hilo,19.7297,-155.09,26.82,69,40,3.09,US,1681072200
145,puerto ayacucho,5.6639,-67.6236,24.74,88,100,4.56,VE,1681072233
146,edd,13.9297,41.6925,32.71,43,9,5.58,ER,1681072234
147,carnarvon,-24.8667,113.6333,22.64,61,44,6.55,AU,1681072235
148,bonavista,48.6499,-53.1147,-3.56,78,100,6.85,CA,1681072235
149,college,64.8569,-147.8028,-12.52,67,100,5.14,US,1681072235
150,saint-augustin,51.226,-58.6502,-1.07,50,100,6.44,CA,1681072236
151,sinnamary,5.3833,-52.95,26.91,74,18,3.94,GF,1681072237
152,bambous virieux,-20.3428,57.7575,25.12,94,75,2.06,MU,1681072237
153,ribeira grande,38.5167,-28.7,17.22,94,75,5.14,PT,1681072238
154,pokhara,28.2333,83.9833,18.71,31,5,3.0,NP,1681072238
155,san quintin,30.4833,-115.95,16.22,76,0,7.7,MX,1681072238
156,trinidad,-14.8333,-64.9,30.99,51,40,3.09,BO,1681072239
157,veraval,20.9,70.3667,25.04,57,0,6.04,IN,1681072239
158,tobermory,45.2501,-81.6665,3.66,77,2,4.54,CA,1681072240
159,olafsvik,64.8945,-23.7142,6.43,83,100,7.99,IS,1681072240
160,honningsvag,70.9821,25.9704,2.86,81,75,9.26,NO,1681072241
161,tazovskiy,67.4667,78.7,-17.07,95,100,6.38,RU,1681072241
162,santa maria,-29.6842,-53.8069,27.61,61,40,1.54,BR,1681072242
163,ust-kuyga,70.0167,135.6,-15.91,62,100,4.64,RU,1681072242
164,krasnoselkup,65.7,82.4667,-18.46,94,100,3.91,RU,1681072243
165,sigli,5.3848,95.9609,24.22,87,100,0.85,ID,1681072243
166,sambava,-14.2667,50.1667,22.81,98,95,0.94,MG,1681072243
167,chiredzi,-21.05,31.6667,21.08,70,94,1.84,ZW,1681072244
168,lata,40.1629,-8.3327,13.93,80,93,0.71,PT,1681072244
169,verkhnetulomskiy,68.6073,31.7962,0.07,100,82,1.45,RU,1681072244
170,port moresby,-9.4431,147.1797,22.68,100,40,2.57,PG,1681072245
171,dingle,10.9995,122.6711,23.37,90,91,3.18,PH,1681072245
172,samarai,-10.6167,150.6667,26.08,86,91,0.83,PG,1681072245
173,airai,-8.9266,125.4092,15.84,95,98,1.56,TL,1681072246
174,ahipara,-35.1667,173.1667,19.24,89,25,6.08,NZ,1681072246
175,north bend,43.4065,-124.2243,14.95,90,100,7.2,US,1681072246
176,tiksi,71.6872,128.8694,-17.14,89,100,4.07,RU,1681072247
177,provideniya,64.3833,-173.3,-16.32,78,11,2.64,RU,1681072247
178,berlevag,70.8578,29.0864,3.0,87,40,9.26,NO,1681072248
179,deputatskiy,69.3,139.9,-16.23,94,100,2.66,RU,1681072248
180,borogontsy,62.6683,131.1683,-22.69,99,82,1.91,RU,1681072249
181,kapustin yar,48.5831,45.7372,8.76,55,86,3.42,RU,1681072249
182,pevek,69.7008,170.3133,-27.27,99,100,2.15,RU,1681072250
183,nuuk,64.1835,-51.7216,-2.66,86,100,9.26,GL,1681072250
184,acarau,-2.8856,-40.12,27.47,78,100,5.81,BR,1681072250
185,rocha,-34.4833,-54.3333,22.6,50,0,1.57,UY,1681072251
186,severo-kurilsk,50.6789,156.125,0.47,98,100,8.4,RU,1681072251
187,half moon bay,37.4636,-122.4286,25.51,57,0,3.6,US,1681072251
188,sabzevar,36.2126,57.6819,15.88,45,53,2.39,IR,1681072252
189,ambilobe,-13.2,49.05,23.69,92,65,2.59,MG,1681072252
190,tautira,-17.7333,-149.15,26.32,79,100,5.46,PF,1681072252
191,saldanha,-33.0117,17.9442,12.03,74,0,3.13,ZA,1681072253
192,ciudad bolivar,8.1222,-63.5497,36.54,26,92,2.12,VE,1681072253
193,perevolotskiy,51.8763,54.1938,5.23,42,68,2.05,RU,1681072254
194,lagoa,39.05,-27.9833,15.65,93,26,5.97,PT,1681072254
195,basco,20.4487,121.9702,22.97,72,100,8.77,PH,1681072254
196,santa fe,-31.6333,-60.7,27.79,53,0,2.68,AR,1681071661
197,qaqortoq,60.7167,-46.0333,-1.08,90,100,1.89,GL,1681072255
198,zheleznodorozhnyy,55.7503,38.0042,8.38,62,32,1.69,RU,1681072255
199,nha trang,12.25,109.1833,26.0,98,52,1.04,VN,1681072255
200,mondlo,-27.983,30.7177,16.74,88,99,4.41,ZA,1681072255
201,srednekolymsk,67.45,153.6833,-14.09,90,21,3.34,RU,1681072256
202,vila franca do campo,37.7167,-25.4333,16.23,92,87,2.06,PT,1681072256
203,boo,59.3333,18.2833,3.23,74,0,0.0,SE,1681072256
204,orshanka,56.9161,47.8933,4.05,59,88,2.07,RU,1681072257
205,kariba,-16.5167,28.8,23.14,55,29,1.69,ZW,1681072257
206,ornskoldsvik,63.2909,18.7153,2.53,75,100,1.54,SE,1681072257
207,sa kaeo,13.75,102.3333,27.42,75,95,2.91,TH,1681072258
208,viedma,-40.8135,-62.9967,25.37,20,64,8.56,AR,1681072258
209,bereda,43.2686,-7.5406,12.86,90,100,1.19,ES,1681072258
210,namatanai,-3.6667,152.4333,25.94,85,100,1.97,PG,1681072259
211,selenginsk,52.0064,106.8647,-1.77,76,100,4.9,RU,1681072259
212,qasigiannguit,68.8193,-51.1922,-2.86,95,100,2.6,GL,1681072259
213,davila,18.4726,120.5763,24.18,79,5,7.84,PH,1681072260
214,quatre cocos,-20.2078,57.7625,25.05,84,100,3.93,MU,1681072260
215,waipawa,-41.4122,175.5153,15.14,90,94,2.08,NZ,1681072260
216,micheweni,-4.9667,39.8333,28.44,76,100,3.72,TZ,1681072261
217,bubaque,11.2833,-15.8333,25.61,74,2,10.51,GW,1681072262
218,bahia blanca,-38.7196,-62.2724,31.01,38,14,4.47,AR,1681072214
219,sakakah,29.9697,40.2064,24.76,20,11,5.77,SA,1681072263
220,vanimo,-2.6741,141.3028,24.81,84,99,1.75,PG,1681072265
221,providencia,28.7167,-111.5833,34.0,17,0,4.41,MX,1681072266
222,vanavara,60.34,102.2797,-14.86,96,100,2.06,RU,1681072267
223,arman,59.7,150.1667,-11.73,79,100,2.78,RU,1681072268
224,arlit,18.7369,7.3853,29.14,10,99,5.05,NE,1681072268
225,banda aceh,5.5577,95.3222,25.95,80,76,1.27,ID,1681072268
226,lorengau,-2.0226,147.2712,24.95,92,100,1.62,PG,1681072269
227,katherine,-14.4667,132.2667,24.18,88,100,2.06,AU,1681072269
228,homer,59.6425,-151.5483,-4.07,44,0,5.14,US,1681072251
229,rajura,19.7833,79.3667,28.9,41,84,1.45,IN,1681072271
230,high level,58.5169,-117.136,10.06,43,75,3.6,CA,1681072219
231,esperance,-33.8667,121.9,15.34,92,23,5.08,AU,1681072273
232,vidim,56.4088,103.1106,-9.96,91,100,4.83,RU,1681072273
233,bilibino,68.0546,166.4372,-19.44,81,12,1.7,RU,1681072274
234,kirovsk,48.6375,38.6428,8.88,71,67,1.63,UA,1681072274
235,ntchisi,-13.5278,33.9149,14.92,96,79,0.72,MW,1681072275
236,sale,34.0389,-6.8166,19.38,63,0,2.57,MA,1681072275
237,saskylakh,71.9167,114.0833,-19.78,100,100,0.59,RU,1681072275
238,verkhnevilyuysk,63.4453,120.3167,-22.63,100,99,0.15,RU,1681072277
239,jhelum,32.9331,73.7264,21.51,31,3,1.39,PK,1681072277
240,suntar,62.1444,117.6319,-18.77,98,100,1.53,RU,1681072277
241,kruisfontein,-34.0033,24.7314,13.82,91,18,3.61,ZA,1681072278
242,butaritari,3.0707,172.7902,27.32,78,43,2.74,KI,1681072278
243,ellisras,-23.6649,27.7443,21.43,43,49,2.12,ZA,1681072279
244,brekstad,63.687,9.6654,7.23,49,0,6.69,NO,1681072280
245,puqi,29.7167,113.8833,16.91,70,42,1.98,CN,1681072280
246,mar del plata,-38.0023,-57.5575,27.19,49,0,6.69,AR,1681072015
247,kavieng,-2.5744,150.7967,26.58,82,99,2.95,PG,1681072281
248,karaj,35.8355,51.0103,17.29,27,75,6.17,IR,1681072281
249,leningradskiy,69.3833,178.4167,-18.91,96,100,7.21,RU,1681072155
250,tete,-16.1564,33.5867,27.05,74,20,3.09,MZ,1681072282
251,sao gabriel da cachoeira,-0.1303,-67.0892,22.32,99,100,1.04,BR,1681072282
252,tuatapere,-46.1333,167.6833,11.68,72,100,1.7,NZ,1681072283
253,moulins,46.5,3.3333,7.0,82,98,1.3,FR,1681072284
254,aripuana,-9.1667,-60.6333,24.79,97,97,0.52,BR,1681072284
255,ganzhou,28.8184,115.4327,16.09,70,31,0.64,CN,1681072285
256,ketchikan,55.3422,-131.6461,4.99,87,100,8.75,US,1681072285
257,codo,-4.4553,-43.8856,24.67,94,93,0.17,BR,1681072286
258,zonguldak,41.25,31.8333,5.82,92,95,1.24,TR,1681072286
259,morant bay,17.8815,-76.4093,28.73,73,24,3.46,JM,1681072286
260,pacific grove,36.6177,-121.9166,24.1,64,0,2.68,US,1681072287
261,saint-joseph,-21.3667,55.6167,24.21,80,100,1.43,RE,1681072288
262,freeport,40.6576,-73.5832,12.86,48,0,6.17,US,1681071716
263,jieshi,22.8134,115.8257,17.96,74,21,4.59,CN,1681072288
264,mikkeli,61.6886,27.2723,1.75,80,0,1.03,FI,1681072289
265,auki,-8.7676,160.7034,26.62,83,98,1.29,SB,1681072290
266,aykhal,66.0,111.5,-29.01,100,100,1.41,RU,1681072290
267,kailua,21.4022,-157.7394,24.99,86,100,9.77,US,1681072291
268,tasiilaq,65.6145,-37.6368,4.09,92,100,19.89,GL,1681072291
269,jaszladany,47.3667,20.1667,7.0,82,63,2.46,HU,1681072292
270,hambantota,6.1241,81.1185,25.79,82,12,4.41,LK,1681072292
271,ongandjera,-17.8833,15.0667,23.19,62,85,3.45,NA,1681072293
272,atbasar,51.8,68.3333,0.78,57,3,1.09,KZ,1681072294
273,kyzyl-mazhalyk,51.1333,90.6,-4.38,50,32,1.53,RU,1681072296
274,katsuura,35.1333,140.3,14.14,64,40,5.77,JP,1681072296
275,paamiut,61.994,-49.6678,-2.13,86,100,12.79,GL,1681072296
276,baiao,-2.7906,-49.6717,25.38,96,97,0.55,BR,1681072297
277,nabire,-3.3667,135.4833,23.93,89,88,1.26,ID,1681072297
278,grindavik,63.8424,-22.4338,6.97,93,100,2.06,IS,1681072298
279,vicksburg,32.3526,-90.8779,19.85,66,40,2.57,US,1681072298
280,vila velha,-20.3297,-40.2925,25.97,78,40,6.69,BR,1681072198
281,port lincoln,-34.7333,135.8667,13.3,79,7,2.97,AU,1681072243
282,litovko,49.2361,135.1742,2.01,64,32,0.45,RU,1681072299
283,killybegs,54.6333,-8.45,9.84,88,100,4.48,IE,1681072300
284,san alberto,7.7611,-73.3922,31.17,65,41,0.71,CO,1681072300
285,dhidhdhoo,6.8833,73.1,28.68,73,4,5.43,MV,1681072302
286,palestine,31.9216,35.2033,21.08,33,100,1.96,PS,1681072302
287,mykhaylivka,47.2724,35.2224,7.35,90,26,3.0,UA,1681072303
288,kilindoni,-7.9139,39.6668,27.46,76,88,4.38,TZ,1681072303
289,fairbanks,64.8378,-147.7164,-13.55,67,20,5.14,US,1681072148
290,houma,29.5958,-90.7195,19.0,80,100,4.12,US,1681072187
291,mount gambier,-37.8333,140.7667,11.99,85,85,2.19,AU,1681072304
292,meulaboh,4.1363,96.1285,25.0,89,96,1.36,ID,1681072304
293,saint-michel-des-saints,46.6834,-73.9159,3.15,95,39,3.08,CA,1681072304
294,barguzin,53.6167,109.6167,-4.16,91,100,3.3,RU,1681072304
295,erenhot,43.6475,111.9767,7.2,21,94,8.69,CN,1681072305
296,linhares,-19.3911,-40.0722,23.69,87,98,5.27,BR,1681072305
297,omboue,-1.5746,9.2618,25.54,86,97,1.08,GA,1681072305
298,sept-iles,50.2001,-66.3821,4.29,60,75,8.75,CA,1681072225
299,aninoasa,44.9667,25.4333,8.0,99,100,2.55,RO,1681072306
300,fort-shevchenko,44.5086,50.263,10.35,77,9,2.53,KZ,1681072306
301,bathsheba,13.2167,-59.5167,29.34,65,20,8.75,BB,1681072307
302,fortuna,40.5982,-124.1573,18.53,62,94,3.22,US,1681072123
303,nanyang,32.9947,112.5328,13.97,80,100,2.69,CN,1681072307
304,aksarka,66.5606,67.7975,-14.06,85,100,6.74,RU,1681072307
305,amazar,53.858,120.875,-8.88,90,100,2.23,RU,1681072308
306,iqaluit,63.7506,-68.5145,-18.15,65,20,4.63,CA,1681072308
307,mula,38.0409,-1.4901,16.68,44,31,1.39,ES,1681072308
308,akyab,20.15,92.9,25.44,66,4,3.05,MM,1681072308
309,lavrentiya,65.5833,-171.0,-17.29,80,98,2.72,RU,1681072309
310,lolodorf,3.2333,10.7333,22.09,100,100,1.05,CM,1681072309
311,sturgeon bay,44.8342,-87.377,18.98,44,0,6.69,US,1681072309
312,bismarck,46.8083,-100.7837,11.47,62,0,4.63,US,1681071725
313,savannah bight,16.45,-85.85,26.42,69,0,3.99,HN,1681072310
314,oppdal,62.5943,9.6912,-1.05,91,57,3.96,NO,1681072310
315,torbay,47.6666,-52.7314,-0.34,57,75,9.26,CA,1681072310
316,pontianak,-0.0333,109.3333,24.99,94,97,1.54,ID,1681072310
317,cherskiy,68.75,161.3,-19.06,78,7,0.82,RU,1681072311
318,kusa,55.3383,59.4406,1.43,87,5,1.79,RU,1681072311
319,escarcega,18.6089,-90.7454,36.65,20,1,2.16,MX,1681072312
320,balkanabat,39.5108,54.3671,12.44,80,6,4.06,TM,1681072312
321,pimenta bueno,-11.6725,-61.1936,26.28,93,86,0.76,BR,1681072312
322,vila,42.0304,-8.1588,10.94,75,100,1.04,PT,1681072312
323,aranos,-24.1333,19.1167,23.84,27,92,3.18,NA,1681072313
324,barabinsk,55.3571,78.357,-2.62,89,96,5.03,RU,1681072313
325,noumea,-22.2763,166.4572,25.0,99,3,1.12,NC,1681071865
326,yelabuga,55.7613,52.0649,6.75,59,39,2.12,RU,1681072313
327,sitka,57.0531,-135.33,6.94,70,100,2.06,US,1681072314
328,sehwan,26.4279,67.863,29.77,26,99,2.51,PK,1681072314
329,surt,31.2089,16.5887,15.03,64,0,2.5,LY,1681072314
330,haimen,23.1935,116.6142,16.94,78,5,3.39,CN,1681072315
331,basoko,1.2391,23.616,23.83,79,78,1.09,CD,1681072315
332,aldan,58.6031,125.3894,-18.53,85,31,2.68,RU,1681072315
333,zhireken,52.8249,117.3076,-4.5,71,100,8.42,RU,1681072315
334,giddalur,15.35,78.9167,24.44,60,0,1.3,IN,1681072316
335,quelimane,-17.8786,36.8883,23.71,96,6,2.04,MZ,1681072316
336,jiuquan,39.7432,98.5174,7.0,49,88,3.93,CN,1681072316
337,de aar,-30.6497,24.0123,13.6,40,0,3.3,ZA,1681072317
338,lake city,30.1897,-82.6393,14.92,88,100,4.63,US,1681072219
339,cody,44.5263,-109.0565,17.73,30,0,6.69,US,1681072317
340,olinda,-8.0089,-34.8553,27.85,74,40,4.63,BR,1681072318
341,hanna,51.6334,-111.9018,7.7,67,19,5.36,CA,1681072318
342,leshukonskoye,64.8989,45.7622,-2.72,94,100,3.22,RU,1681072318
343,coahuayana,18.7333,-103.6833,32.91,34,100,3.39,MX,1681072319
344,aberystwyth,52.4155,-4.0829,11.05,87,100,6.89,GB,1681072319
345,gazojak,41.1875,61.4036,15.93,57,99,2.28,TM,1681072319
346,nanortalik,60.1432,-45.2371,-1.51,91,100,7.19,GL,1681072319
347,zverinogolovskoye,54.4586,64.8542,3.2,65,9,3.73,RU,1681072319
348,charleston,32.7766,-79.9309,17.13,57,75,5.14,US,1681072320
349,broome,42.2506,-75.833,13.72,24,0,1.34,US,1681072320
350,shush,32.1942,48.2436,25.93,23,100,4.93,IR,1681072320
351,mersing,2.4312,103.8405,25.33,86,80,2.04,MY,1681072320
352,karratha,-20.7377,116.8463,25.7,42,34,4.67,AU,1681072321
353,leh,34.1667,77.5833,-9.03,55,13,1.35,IN,1681072321
354,husavik,66.0449,-17.3389,5.28,80,85,9.5,IS,1681072321
355,qom,34.6401,50.8764,21.24,24,46,1.27,IR,1681072086
356,wuxi,31.5689,120.2886,12.77,77,63,3.28,CN,1681072203
357,ryotsu,38.0833,138.4333,7.87,66,13,3.97,JP,1681072108
358,launceston,-41.45,147.1667,7.8,61,40,3.6,AU,1681072116
359,khvoynaya,58.9,34.5333,-0.03,96,12,1.62,RU,1681072323
360,brookings,44.3114,-96.7984,15.03,51,0,6.69,US,1681072324
361,pangnirtung,66.1451,-65.7125,-20.0,71,0,3.09,CA,1681072324
362,san severo,41.6897,15.376,9.78,92,84,2.94,IT,1681072325
363,dauphin,51.1494,-100.0502,7.08,70,0,6.69,CA,1681072325
364,kurtamysh,54.9103,64.4319,3.3,65,12,4.15,RU,1681072326
365,oktyabrskiy,54.4815,53.471,4.86,46,94,1.37,RU,1681072326
366,goma,-1.6792,29.2228,16.78,91,99,1.05,CD,1681072326
367,shubarshi,48.5872,57.1869,6.68,37,2,2.45,KZ,1681072327
368,brae,60.3964,-1.353,7.2,88,100,11.09,GB,1681072327
369,ixtapa,20.7,-105.2,26.57,65,75,5.66,MX,1681072328
370,nelson bay,-32.7167,152.15,13.89,75,0,3.58,AU,1681072328
371,methoni,36.8197,21.7049,12.9,78,34,3.68,GR,1681072329
372,fomboni,-12.28,43.7425,28.57,73,21,2.54,KM,1681072329
373,chandur bazar,21.2417,77.7456,27.6,46,62,2.36,IN,1681072329
374,kasongo-lunda,-6.4667,16.8167,21.87,96,79,0.78,CD,1681072330
375,mansa,29.9833,75.3833,22.35,21,0,1.97,IN,1681072330
376,umm lajj,25.0213,37.2685,26.06,60,18,1.23,SA,1681072331
377,bud,39.447,-86.1758,19.47,32,42,4.69,US,1681072331
378,kambarka,56.2694,54.2062,3.27,75,0,1.98,RU,1681072332
379,dunedin,-45.8742,170.5036,14.08,96,100,5.68,NZ,1681072332
380,owando,-0.4819,15.8999,23.25,85,97,0.99,CG,1681072333
381,ostashkov,57.1467,33.1075,4.62,78,17,1.01,RU,1681072333
382,brisbane,-27.4679,153.0281,17.14,56,0,1.34,AU,1681072287
383,halvad,23.0167,71.1833,27.86,36,58,3.44,IN,1681072334
384,touros,-5.1989,-35.4608,26.22,84,43,4.5,BR,1681072335
385,hereford,52.0568,-2.7148,12.08,70,100,0.45,GB,1681072335
386,aktau,43.65,51.2,11.32,69,8,4.02,KZ,1681072335
387,tura,25.5198,90.2201,22.65,35,0,1.75,IN,1681072336
388,ghatsila,22.6,86.4833,28.62,31,45,2.21,IN,1681072337
389,kavaratti,10.5669,72.642,27.74,72,0,0.79,IN,1681072337
390,bogale,16.2833,95.4,24.3,82,41,2.72,MM,1681072337
391,solhan,38.9634,41.0293,7.56,92,100,2.27,TR,1681072338
392,alofi,-19.0595,-169.9187,27.94,78,75,6.17,NU,1681072339
393,ossora,59.2353,163.0719,-3.12,96,100,9.37,RU,1681072339
394,moron,-34.6534,-58.6198,27.75,52,1,1.6,AR,1681072340
395,athabasca,54.7169,-113.2854,13.23,60,58,4.95,CA,1681072242
396,kondinskoye,59.6481,67.41,0.92,80,64,4.34,RU,1681072342
397,pisco,-13.7,-76.2167,27.03,65,0,8.75,PE,1681072343
398,pueblo nuevo,23.3833,-105.3833,25.54,11,65,4.12,MX,1681072344
399,nantucket,41.2835,-70.0995,9.08,33,0,3.6,US,1681072344
400,dandeli,15.2667,74.6167,23.16,79,0,1.09,IN,1681072063
401,sioux lookout,50.1001,-91.917,12.04,37,20,7.2,CA,1681072345
402,anchorage,61.2181,-149.9003,-8.51,82,100,5.66,US,1681072346
403,wajima,37.4,136.9,9.88,63,13,4.96,JP,1681072346
404,oshawa,43.9001,-78.8496,12.16,39,0,3.6,CA,1681072200
405,jaru,-10.4389,-62.4664,26.39,88,99,0.79,BR,1681072347
406,rudnaya pristan,44.3614,135.8116,3.33,68,5,1.18,RU,1681072348
407,port-cartier,50.0334,-66.8654,4.12,75,100,6.11,CA,1681072348
408,kot samaba,28.5522,70.4684,28.49,12,62,2.39,PK,1681072349
409,norsup,-16.0667,167.3833,28.49,77,29,3.42,VU,1681072349
410,kyabe,9.4515,18.9449,32.93,17,99,0.49,TD,1681072350
411,bulgan,48.8125,103.5347,-3.85,27,50,7.72,MN,1681072350
412,valparaiso,-33.0393,-71.6273,19.13,65,0,3.6,CL,1681072116
413,lethem,3.3803,-59.7968,36.23,24,30,3.69,GY,1681072351
414,pivijay,10.4617,-74.6162,32.24,46,61,6.6,CO,1681072352
415,xinzhou,38.4092,112.7333,11.89,30,12,1.89,CN,1681072353
416,san cristobal,7.7669,-72.225,30.1,51,37,3.11,VE,1681072353
417,la palma,33.8464,-118.0467,30.37,62,20,3.6,US,1681072354
418,rio gallegos,-51.6226,-69.2181,8.03,27,20,12.86,AR,1681072354
419,mount isa,-20.7333,139.5,10.87,76,41,2.06,AU,1681072354
420,severo-yeniseyskiy,60.3725,93.0408,-23.51,100,97,1.9,RU,1681072355
421,seddon,-37.8068,144.8916,13.17,86,75,6.17,AU,1681072355
422,jaisalmer,26.9147,70.9181,28.86,14,100,4.21,IN,1681072355
423,cam ranh,11.9214,109.1591,25.98,78,0,2.06,VN,1681072356
424,tumpat,6.1978,102.171,24.89,87,81,1.83,MY,1681072356
425,waingapu,-9.6567,120.2641,25.24,87,100,4.45,ID,1681072357
426,vazhiny,60.9644,34.0222,0.41,98,82,2.79,RU,1681072357
427,pasni,25.2631,63.471,26.06,53,6,2.56,PK,1681072357
428,pingliang,35.5392,106.6861,11.78,55,0,2.18,CN,1681072358
429,atar,20.5169,-13.0499,27.37,12,0,2.47,MR,1681072358
430,kapoeta,4.7717,33.5903,28.46,38,21,3.41,SS,1681072359
431,rovaniemi,66.5,25.7167,4.67,60,0,1.03,FI,1681072359
432,tuy hoa,13.0833,109.3,23.54,93,70,1.25,VN,1681072360
433,puerto baquerizo moreno,-0.9,-89.6,30.55,66,40,2.06,EC,1681072360
434,taoudenni,22.6783,-3.9836,25.13,29,86,6.55,ML,1681072360
435,rodrigues alves,-7.738,-72.6509,27.11,71,76,1.59,BR,1681072361
436,yola,9.2,12.4833,32.7,28,63,2.29,NG,1681072361
437,namibe,-15.1961,12.1522,24.63,73,28,2.58,AO,1681072362
438,qui nhon,13.7667,109.2333,24.36,90,69,1.73,VN,1681072362
439,gravelbourg,49.8834,-106.5512,9.15,100,86,4.03,CA,1681072362
440,bend,44.0582,-121.3153,16.66,42,20,6.17,US,1681072292
441,fukue,32.6881,128.8419,13.19,58,1,3.75,JP,1681072363
442,narsaq,60.9167,-46.05,3.12,87,100,1.01,GL,1681072363
443,oneonta,42.4529,-75.0638,13.23,28,2,2.49,US,1681072363
444,garissa,-0.4536,39.6401,27.47,71,92,4.82,KE,1681072364
445,avera,33.194,-82.5271,18.08,49,79,6.38,US,1681072364
446,griffith,41.5284,-87.4237,20.62,27,0,5.66,US,1681072364
447,chimbote,-9.0853,-78.5783,27.12,71,100,6.08,PE,1681072365
448,vozhega,60.4725,40.2213,-2.45,99,7,1.73,RU,1681072365
449,ahuimanu,21.4447,-157.8378,24.84,86,100,9.77,US,1681072365
450,marawi,7.9986,124.2928,19.92,93,95,0.29,PH,1681072365
451,russell,32.3502,-85.1999,20.21,52,0,4.12,US,1681072243
452,krasnaya zarya,52.7825,37.6806,8.27,61,97,1.26,RU,1681072366
453,black river,18.0264,-77.8487,26.8,69,27,0.84,JM,1681072366
454,gizo,-8.103,156.8419,26.78,80,100,3.55,SB,1681072366
455,usolye,59.4268,56.6808,0.64,81,64,3.61,RU,1681072367
456,tessalit,20.1986,1.0114,28.5,12,100,6.0,ML,1681072367
457,gushikawa,26.3544,127.8686,16.57,82,0,2.57,JP,1681072367
458,bac lieu,9.285,105.7244,27.27,74,97,4.5,VN,1681072367
459,tamandare,-8.7597,-35.1047,26.19,80,95,3.2,BR,1681072368
460,hay river,60.8156,-115.7999,3.99,70,20,5.66,CA,1681072368
461,yanam,16.7333,82.2167,23.36,82,0,1.14,IN,1681072368
462,abalak,58.1286,68.5944,-1.49,92,36,2.16,RU,1681072368
463,huarmey,-10.0681,-78.1522,26.67,75,100,4.77,PE,1681072369
464,naliya,23.2667,68.8333,23.77,58,1,3.4,IN,1681072369
465,hualmay,-11.0964,-77.6139,25.93,76,90,5.02,PE,1681072370
466,challans,46.8436,-1.8749,14.51,74,100,2.83,FR,1681072370
467,kieta,-6.2167,155.6333,26.58,80,100,0.95,PG,1681072370
468,xiaoshi,41.2971,124.1209,6.42,84,34,4.54,CN,1681072370
469,aguililla,18.7333,-102.7333,34.31,18,89,1.71,MX,1681072371
470,saint-philippe,-21.3585,55.7679,24.77,79,100,2.05,RE,1681072371
471,riyadh,24.6877,46.7219,21.08,11,4,2.32,SA,1681071897
472,opuwo,-18.0607,13.84,23.08,41,87,1.53,NA,1681072372
473,amuntai,-2.4177,115.2494,22.68,99,63,0.67,ID,1681072372
474,eyl,7.9803,49.8164,27.67,77,33,6.48,SO,1681072372
475,nouadhibou,20.931,-17.0347,18.99,77,0,5.66,MR,1681072372
476,seoul,37.5683,126.9778,5.69,78,0,3.09,KR,1681071974
477,egvekinot,66.3167,-179.1667,-19.61,83,93,0.28,RU,1681072373
478,richards bay,-28.783,32.0377,25.0,83,98,5.04,ZA,1681072373
479,embonas,36.2269,27.8564,13.24,79,22,1.97,GR,1681072373
480,walvis bay,-22.9575,14.5053,15.11,70,0,6.73,NA,1681072374
481,pitimbu,-7.4706,-34.8086,28.33,82,100,4.43,BR,1681072374
482,paranapanema,-23.3886,-48.7228,19.92,90,39,3.53,BR,1681072374
483,concordia,-31.393,-58.0209,28.04,45,40,1.79,AR,1681072374
484,wencheng,33.0559,113.7978,15.61,69,100,2.53,CN,1681072375
485,ust-nera,64.5667,143.2,-16.5,89,100,3.0,RU,1681072375
486,kaa-khem,51.6833,94.7333,-7.42,52,20,4.06,RU,1681072375
487,garh maharaja,30.8339,71.9053,24.22,23,0,3.2,PK,1681072376
488,tocopilla,-22.092,-70.1979,23.16,69,9,4.67,CL,1681072376
489,shingu,33.7333,135.9833,8.73,76,0,2.43,JP,1681072376
490,ihosy,-22.4,46.1167,18.71,98,28,2.55,MG,1681072376
491,burnie,-41.0667,145.9167,7.75,68,4,4.35,AU,1681072285
492,marsabit,2.3284,37.9899,20.48,65,92,3.62,KE,1681072377
493,tezu,27.9167,96.1667,22.77,47,73,1.99,IN,1681072377
494,akureyri,65.6835,-18.0878,7.96,66,40,8.75,IS,1681072378
495,tiszanana,47.5667,20.5333,5.01,86,36,2.21,HU,1681072378
496,lusk,53.5274,-6.1642,11.59,87,100,7.96,IE,1681072378
497,general roca,-39.0333,-67.5833,32.01,10,100,5.58,AR,1681072378
498,gazanjyk,39.2446,55.5154,13.62,67,7,6.57,TM,1681072379
499,bandarbeyla,9.4942,50.8122,27.66,78,51,4.66,SO,1681072379
500,roald,62.5833,6.1333,7.09,65,0,2.06,NO,1681072379
501,maine-soroa,13.2114,12.0241,32.56,17,98,3.0,NE,1681072379
502,pucallpa,-8.3791,-74.5539,29.02,61,40,6.17,PE,1681072380
503,thiruvananthapuram,8.4833,76.9167,26.99,78,40,0.0,IN,1681072211
504,buta,2.7858,24.73,23.35,89,98,0.69,CD,1681072380
505,mugur-aksy,50.35,90.5,-12.5,77,4,2.63,RU,1681072380
506,alegrete,-29.7831,-55.7919,26.53,49,6,1.48,BR,1681072381
507,sobolevo,54.4299,31.8996,8.65,71,31,0.97,RU,1681072381
508,canandaigua,42.8742,-77.288,12.87,48,1,0.45,US,1681072120
509,bowen,-20.0167,148.2333,21.41,62,7,2.2,AU,1681072111
510,elizabeth city,36.2946,-76.2511,14.01,61,0,10.29,US,1681072383
511,mirabad,30.4362,61.8383,26.36,20,36,0.94,AF,1681072384
512,barra,-11.0894,-43.1417,28.58,57,85,2.38,BR,1681072384
513,murgab,37.4966,61.9714,18.93,45,100,4.12,TM,1681072384
514,shenkursk,62.1091,42.896,-0.03,97,100,1.35,RU,1681072385
515,harsud,22.1,76.7333,29.11,32,72,0.51,IN,1681072385
516,kinsale,51.7075,-8.5306,10.65,100,75,6.69,IE,1681072386
517,yuxia,34.0615,108.6291,10.34,65,48,2.76,CN,1681072386
518,calvia,39.5657,2.5062,14.42,73,13,2.04,ES,1681072387
519,jardim,-21.4803,-56.1381,23.86,86,92,2.08,BR,1681072387
520,bad nenndorf,52.3333,9.3667,8.16,79,40,0.51,DE,1681072388
521,taquarituba,-23.5331,-49.2444,20.6,84,49,3.27,BR,1681072388
522,hongjiang,27.11,109.9956,17.97,86,100,1.34,CN,1681072389
523,bilma,18.6853,12.9164,32.05,13,25,3.65,NE,1681072390
524,chapais,49.7834,-74.8492,7.88,76,78,5.08,CA,1681072390
525,breytovo,58.2993,37.8617,1.7,81,18,1.77,RU,1681072391
526,strzelce krajenskie,52.8773,15.5298,7.07,86,78,2.49,PL,1681072392
527,neuquen,-38.9516,-68.0591,28.94,15,0,4.12,AR,1681072392
528,den helder,52.9599,4.7593,11.09,75,100,3.6,NL,1681072313
529,laibin,23.7,109.2667,17.6,85,100,1.45,CN,1681072393
530,fonte boa,-2.4959,-66.2662,25.95,77,100,2.08,BR,1681072393
531,chegdomyn,51.1167,133.0167,0.34,69,40,1.11,RU,1681072394
532,bonthe,7.5264,-12.505,26.4,77,89,3.19,SL,1681072394
533,lasa,46.6166,10.7002,7.49,91,38,2.58,IT,1681072395
534,genhe,50.7833,121.5167,0.78,69,100,6.15,CN,1681072395
535,roma,43.2128,-75.4557,12.54,24,0,3.09,US,1681072247
536,havelock,34.8791,-76.9013,16.1,55,0,11.83,US,1681072396
537,mandalgovi,45.7625,106.2708,-2.71,34,0,8.53,MN,1681072396
538,pangkalanbuun,-2.6833,111.6167,22.66,98,96,1.28,ID,1681072396
539,bela,25.9333,81.9833,26.16,19,0,1.49,IN,1681072396
540,kohima,25.6667,94.1167,15.16,58,0,1.24,IN,1681072397
541,tomigusuku,26.185,127.675,16.87,67,0,2.57,JP,1681072198
542,hobyo,5.3505,48.5268,28.76,73,9,7.49,SO,1681072398
543,bairiki,1.3292,172.9752,28.0,83,75,2.06,KI,1681072398
544,roth,49.245,11.0911,7.92,88,36,1.52,DE,1681072223
545,inhambane,-23.865,35.3833,23.51,87,26,3.99,MZ,1681072399
546,praia,14.9215,-23.5087,22.3,64,20,8.75,CV,1681072399
547,krusevac,43.58,21.3339,7.2,95,100,1.27,RS,1681072400
548,bundaberg,-24.85,152.35,16.79,75,0,0.45,AU,1681072401
549,aasiaat,68.7098,-52.8699,-8.71,91,100,4.2,GL,1681072401
550,luangwa,-15.6167,30.4167,23.12,72,82,0.53,ZM,1681072402
551,vao,-22.6667,167.4833,25.23,76,2,3.2,NC,1681072402
552,kinshasa,-4.3246,15.3215,25.21,83,79,0.88,CD,1681072403
